Instrument,Name,Grade,Octave
violin,Ab major,4,2
violin,B major,4,2
violin,C major,4,2
violin,E major,4,2
violin,G minor,4,2
violin,B minor,4,2
violin,C minor,4,2
violin,Dominant seventh in the key of C,4,1
violin,Dominant seventh in the key of D,4,1
violin,Chromatic scale starting on A,4,1
violin,Chromatic scale starting on E,4,1
violin,Db major,5,2
violin,Eb major,5,2
violin,F major,5,2
violin,B minor,5,2
violin,C# minor,5,2
violin,E minor,5,2
violin,G major,5,3
violin,A major,5,3
violin,G minor,5,3
violin,A minor,5,3
violin,Dominant seventh in the key of Bb,5,1
violin,Dominant seventh in the key of C,5,2
violin,Dominant seventh in the key of D,5,2
violin,Diminished seventh starting on G,5,1
violin,Diminished seventh starting on D,5,1
violin,Chromatic scale starting on G,5,2
violin,Chromatic scale starting on A,5,2
violin,Chromatic scale starting on Bb,5,2
